key,family,variant,horizon_days,parameters,long_total_windows,long_sample_eligible_windows,long_oos_complete_windows,long_oos_eligible_windows,long_weighted_sample_mean_ic,long_median_sample_mean_ic,long_weighted_oos_mean_ic,long_median_oos_mean_ic,long_oos_ic_std_across_windows,long_positive_sample_window_rate,long_positive_oos_window_rate,long_sign_consistency_rate,long_both_positive_rate,long_mean_ic_change,long_mean_absolute_ic_change,short_total_windows,short_sample_eligible_windows,short_oos_complete_windows,short_oos_eligible_windows,short_weighted_sample_mean_ic,short_median_sample_mean_ic,short_weighted_oos_mean_ic,short_median_oos_mean_ic,short_oos_ic_std_across_windows,short_positive_sample_window_rate,short_positive_oos_window_rate,short_sign_consistency_rate,short_both_positive_rate,short_mean_ic_change,short_mean_absolute_ic_change,short_required,long_required,pass_short_data,pass_short_weighted_ic,pass_short_median_ic,pass_short_positive_windows,pass_short_sign_consistency,pass_short,pass_long_data,pass_long_weighted_ic,pass_long_median_ic,pass_long_positive_windows,pass_long_sign_consistency,pass_long,pass_data,pass_weighted_ic,pass_median_ic,pass_positive_windows,pass_sign_consistency,passed_all_basic_conditions
momentum|12m-0m|h1,momentum,12m-0m,1,"{""skip"": 0, ""window"": 252}",12,12,12,12,0.0106399212252286,0.010518165,0.0121128182443793,0.016955249,0.016617373,1.0,0.75,0.75,0.75,0.001474127639085,0.0161363782050708,30.0,30.0,30.0,30.0,0.0118233519533996,0.01269917,0.0132584320160727,0.015062179,0.017271103,0.9666666666666668,0.8,0.7666666666666667,0.7666666666666667,0.0014345885409663,0.016988874056066,True,True,True,True,True,True,True,True,True,True,True,True,True,True,True,True,True,True,True,True
momentum|12m-1m|h1,momentum,12m-1m,1,"{""skip"": 21, ""window"": 252}",12,12,12,12,0.0120431830097964,0.012050413,0.0137543131447982,0.016497888,0.016166158,1.0,0.8333333333333334,0.8333333333333334,0.8333333333333334,0.0017132306238636,0.0154608257968599,30.0,30.0,30.0,30.0,0.0134874088628269,0.013871591,0.0148383321580217,0.016018778,0.016558964,0.9333333333333332,0.8666666666666667,0.8,0.8,0.0013579808330784,0.0163478075992316,True,True,True,True,True,True,True,True,True,True,True,True,True,True,True,True,True,True,True,True
momentum|12m-2m|h1,momentum,12m-2m,1,"{""skip"": 42, ""window"": 252}",12,12,12,12,0.0113004167967706,0.0104539,0.012375548976147,0.016578253,0.015572966,1.0,0.8333333333333334,0.8333333333333334,0.8333333333333334,0.0010756256524473,0.0150299335364252,30.0,30.0,30.0,30.0,0.012309285806835,0.012964289,0.0136707522779139,0.013132992,0.016079664,0.9666666666666668,0.8,0.7666666666666667,0.7666666666666667,0.0013742657378315,0.0159425185372432,True,True,True,True,True,True,True,True,True,True,True,True,True,True,True,True,True,True,True,True
momentum|18m-0m|h1,momentum,18m-0m,1,"{""skip"": 0, ""window"": 378}",12,12,12,12,0.0091736585059564,0.009829441,0.0119224670981109,0.010840409,0.016309777,1.0,0.75,0.75,0.75,0.0027404833429803,0.0158428209057698,30.0,30.0,30.0,30.0,0.0101958617780694,0.00968481,0.0113619508186542,0.013981288,0.01781604,0.8666666666666667,0.6666666666666666,0.6,0.5666666666666667,0.0011465169334163,0.016694649355486,True,True,True,True,True,True,True,True,True,True,True,True,True,True,True,True,True,True,True,True
momentum|18m-1m|h1,momentum,18m-1m,1,"{""skip"": 21, ""window"": 378}",12,12,12,12,0.0106225990999934,0.011199772,0.0136099802936803,0.011065686,0.015604348,1.0,0.75,0.75,0.75,0.0029796179927264,0.0148397215719645,30.0,30.0,30.0,30.0,0.0117528117121393,0.010971999,0.0128606861873482,0.014807778,0.017058525,0.9333333333333332,0.7333333333333333,0.6666666666666666,0.6666666666666666,0.0010940258546421,0.0161342060348639,True,True,True,True,True,True,True,True,True,True,True,True,True,True,True,True,True,True,True,True
momentum|18m-2m|h1,momentum,18m-2m,1,"{""skip"": 42, ""window"": 378}",12,12,12,12,0.0104982446207457,0.01102416,0.0130827822415448,0.01143161,0.015199914,1.0,0.75,0.75,0.75,0.0025763203157112,0.0145952372113242,30.0,30.0,30.0,30.0,0.0113188448035908,0.009685862,0.0123281234126727,0.016809102,0.016626813,0.9,0.7666666666666667,0.6666666666666666,0.6666666666666666,0.0009991238359361,0.0159966615183899,True,True,True,True,True,True,True,True,True,True,True,True,True,True,True,True,True,True,True,True
momentum|24m-0m|h1,momentum,24m-0m,1,"{""skip"": 0, ""window"": 504}",12,12,12,12,0.0085458764516967,0.00830696,0.0108168232672822,0.00807199,0.016776618,1.0,0.75,0.75,0.75,0.0022633305440346,0.0165214911103248,30.0,30.0,30.0,30.0,0.009344216137328,0.008217541,0.0102467950095054,0.010159612,0.019820023,0.8333333333333334,0.7333333333333333,0.6333333333333333,0.6,0.0008828832224632,0.0168337520910426,True,True,True,True,True,True,True,True,True,True,True,True,True,True,True,True,True,True,True,True
momentum|24m-1m|h1,momentum,24m-1m,1,"{""skip"": 21, ""window"": 504}",12,12,12,12,0.0100684456966074,0.009755161,0.0125820762730858,0.008783775,0.016024439,1.0,0.75,0.75,0.75,0.0025069862604141,0.0155487886319557,30.0,30.0,30.0,30.0,0.0109621335456917,0.010025902,0.0118135909929708,0.012100495,0.0189526,0.8666666666666667,0.7333333333333333,0.6666666666666666,0.6333333333333333,0.0008364969903292,0.015722538162178,True,True,True,True,True,True,True,True,True,True,True,True,True,True,True,True,True,True,True,True
momentum|24m-1m|h5,momentum,24m-1m,5,"{""skip"": 21, ""window"": 504}",12,12,12,12,0.012417420356819,0.0122799,0.0132974020936486,0.014608141,0.031718772,1.0,0.6666666666666666,0.6666666666666666,0.6666666666666666,0.0008632909351338,0.0312034373637288,30.0,30.0,30.0,30.0,0.0131286954529776,0.016626474,0.0126369731982038,0.01294614,0.040708534,0.7666666666666667,0.6333333333333333,0.6,0.5,-0.0004607072526899,0.035462236276362,True,True,True,True,True,True,True,True,True,True,True,True,True,True,True,True,True,True,True,True
momentum|24m-2m|h1,momentum,24m-2m,1,"{""skip"": 42, ""window"": 504}",12,12,12,12,0.0099415097937785,0.009713676,0.0121671735529551,0.009810276,0.01583672,1.0,0.75,0.75,0.75,0.0022180876694619,0.0154948287333051,30.0,30.0,30.0,30.0,0.0105253919531545,0.009686654,0.0113556256393015,0.013413236,0.019212913,0.8666666666666667,0.7333333333333333,0.6666666666666666,0.6333333333333333,0.0008181787949676,0.0162479102999592,True,True,True,True,True,True,True,True,True,True,True,True,True,True,True,True,True,True,True,True
momentum|6m-0m|h1,momentum,6m-0m,1,"{""skip"": 0, ""window"": 126}",12,12,12,12,0.00740280352136,0.007406299,0.0083366656676551,0.010550665,0.00941113,1.0,0.75,0.75,0.75,0.0009400383181249,0.0086418961097175,30.0,30.0,30.0,30.0,0.0076965755701858,0.007734687,0.0092808305488439,0.008157443,0.012623501,0.9,0.8,0.7,0.7,0.0015753152780234,0.01313215320309,True,True,True,True,True,True,True,True,True,True,True,True,True,True,True,True,True,True,True,True
momentum|6m-1m|h1,momentum,6m-1m,1,"{""skip"": 21, ""window"": 126}",12,12,12,12,0.0088317038041335,0.00848745,0.0103692559048908,0.009811105,0.0076845596,1.0,0.9166666666666666,0.9166666666666666,0.9166666666666666,0.0015463913441635,0.0067587280063889,30.0,30.0,30.0,30.0,0.0092375493068375,0.00936464,0.0107968383121448,0.011213423,0.013017088,0.9,0.8333333333333334,0.7333333333333333,0.7333333333333333,0.0015490943177913,0.013118162479562,True,True,True,True,True,True,True,True,True,True,True,True,True,True,True,True,True,True,True,True
momentum|6m-2m|h1,momentum,6m-2m,1,"{""skip"": 42, ""window"": 126}",12,12,12,12,0.0083480015383333,0.0076328376,0.0094206305484567,0.007699999,0.007520163,1.0,0.9166666666666666,0.9166666666666666,0.9166666666666666,0.0010815159378883,0.0072192189788135,30.0,30.0,30.0,30.0,0.0080583454493894,0.00885968,0.0098080685719957,0.011198593,0.013200139,0.8333333333333334,0.8333333333333334,0.6666666666666666,0.6666666666666666,0.00175724242193,0.01291416369689,True,True,True,True,True,True,True,True,True,True,True,True,True,True,True,True,True,True,True,True
momentum|9m-0m|h1,momentum,9m-0m,1,"{""skip"": 0, ""window"": 189}",12,12,12,12,0.0091357674972417,0.010081267,0.0115454041751933,0.0111756455,0.013840144,1.0,0.8333333333333334,0.8333333333333334,0.8333333333333334,0.0024103715938205,0.013145694315123,30.0,30.0,30.0,30.0,0.009886785226022,0.00855042,0.0112962694060791,0.010499146,0.01522781,0.9,0.8,0.7,0.7,0.0014129437506198,0.0142684046799937,True,True,True,True,True,True,True,True,True,True,True,True,True,True,True,True,True,True,True,True
momentum|9m-1m|h1,momentum,9m-1m,1,"{""skip"": 21, ""window"": 189}",12,12,12,12,0.0107514392261181,0.011615356,0.0134876940487047,0.012017315,0.012363283,1.0,0.9166666666666666,0.9166666666666666,0.9166666666666666,0.0027385887612278,0.0113501996189976,30.0,30.0,30.0,30.0,0.0116294547402377,0.010167923,0.0129793058653468,0.013043105,0.014132287,0.9333333333333332,0.8,0.7333333333333333,0.7333333333333333,0.001354152127169,0.0129198546133314,True,True,True,True,True,True,True,True,True,True,True,True,True,True,True,True,True,True,True,True
momentum|9m-2m|h1,momentum,9m-2m,1,"{""skip"": 42, ""window"": 189}",12,12,12,12,0.0101487327284408,0.010733331,0.0124095895484931,0.012685545,0.011935898,1.0,0.9166666666666666,0.9166666666666666,0.9166666666666666,0.0022615980124101,0.0111689364615206,30.0,30.0,30.0,30.0,0.0104724451506469,0.009941512,0.0118007144560509,0.011785403,0.013471007,0.9333333333333332,0.8666666666666667,0.8,0.8,0.0013401151789973,0.0126176330416152,True,True,True,True,True,True,True,True,True,True,True,True,True,True,True,True,True,True,True,True
price_volume_confirmation|pvc_12m_1m_liq20_252|h1,price_volume_confirmation,pvc_12m_1m_liq20_252,1,"{""confirmation_strength"": 0.25, ""liquidity_clip"": 2, ""long_window"": 252, ""short_window"": 20, ""skip"": 21, ""window"": 252}",12,12,12,12,0.0119859369619004,0.01199294,0.0137294253872582,0.016733684,0.01601836,1.0,0.8333333333333334,0.8333333333333334,0.8333333333333334,0.0017460330078999,0.0153395008916656,30.0,30.0,30.0,30.0,0.0134305028693487,0.013800252,0.0147933858122543,0.015712287,0.01645933,0.9333333333333332,0.8666666666666667,0.8,0.8,0.0013692382878313,0.0162295343509564,True,True,True,True,True,True,True,True,True,True,True,True,True,True,True,True,True,True,True,True
price_volume_confirmation|pvc_6m_1m_liq5_60|h1,price_volume_confirmation,pvc_6m_1m_liq5_60,1,"{""confirmation_strength"": 0.25, ""liquidity_clip"": 2, ""long_window"": 60, ""short_window"": 5, ""skip"": 21, ""window"": 126}",12,12,12,12,0.0087559739264516,0.0085174795,0.0102961953014081,0.009643554,0.007612392,1.0,0.9166666666666666,0.9166666666666666,0.9166666666666666,0.0015484781664175,0.0064801918924786,30.0,30.0,30.0,30.0,0.0091399159158893,0.009273225,0.0107334941566769,0.011264145,0.012694402,0.9,0.8,0.7,0.7,0.0015843821223825,0.0128818774440636,True,True,True,True,True,True,True,True,True,True,True,True,True,True,True,True,True,True,True,True
price_volume_confirmation|pvc_9m_1m_liq20_126|h1,price_volume_confirmation,pvc_9m_1m_liq20_126,1,"{""confirmation_strength"": 0.25, ""liquidity_clip"": 2, ""long_window"": 126, ""short_window"": 20, ""skip"": 21, ""window"": 189}",12,12,12,12,0.0105413750514512,0.0113715045,0.0133102728588404,0.011581784,0.012492927,1.0,0.9166666666666666,0.9166666666666666,0.9166666666666666,0.0027710248638565,0.0115495007873202,30.0,30.0,30.0,30.0,0.0113793835177566,0.010075038,0.0127682993569552,0.012946432,0.014213364,0.9333333333333332,0.8,0.7333333333333333,0.7333333333333333,0.0013917627278715,0.0130877788023402,True,True,True,True,True,True,True,True,True,True,True,True,True,True,True,True,True,True,True,True
residual_momentum|resmom_12m_1m|h1,residual_momentum,resmom_12m_1m,1,"{""skip"": 21, ""window"": 252}",12,12,12,12,0.0116787947082384,0.011620987,0.0137584472742892,0.015444762,0.016150927,1.0,0.8333333333333334,0.8333333333333334,0.8333333333333334,0.0020829802767063,0.0152426274726167,30.0,30.0,30.0,30.0,0.0131871475033118,0.013024051,0.0144910413757045,0.0153113045,0.016113928,0.9666666666666668,0.8666666666666667,0.8333333333333334,0.8333333333333334,0.001310150216644,0.0155573227598021,True,True,True,True,True,True,True,True,True,True,True,True,True,True,True,True,True,True,True,True
residual_momentum|resmom_6m_1m|h1,residual_momentum,resmom_6m_1m,1,"{""skip"": 21, ""window"": 126}",12,12,12,12,0.0084675203243507,0.008367483,0.0102366584003208,0.00903721,0.00817652,1.0,0.9166666666666666,0.9166666666666666,0.9166666666666666,0.0017791032247866,0.0072597484492386,30.0,30.0,30.0,30.0,0.0089623566269646,0.009243317,0.0104515938063227,0.010667948,0.013487735,0.9,0.8,0.7,0.7,0.001478438048313,0.0136664777683715,True,True,True,True,True,True,True,True,True,True,True,True,True,True,True,True,True,True,True,True
residual_momentum|resmom_9m_1m|h1,residual_momentum,resmom_9m_1m,1,"{""skip"": 21, ""window"": 189}",12,12,12,12,0.010258081442731,0.0108329095,0.0135508814796983,0.011215932,0.012793136,1.0,0.9166666666666666,0.9166666666666666,0.9166666666666666,0.0032958695470976,0.0115919968617769,30.0,30.0,30.0,30.0,0.0112068620203891,0.0100055,0.0124949983468425,0.012333097,0.014620201,0.9333333333333332,0.8,0.7333333333333333,0.7333333333333333,0.0012910149273617,0.0133588487689849,True,True,True,True,True,True,True,True,True,True,True,True,True,True,True,True,True,True,True,True
risk_adjusted_trend|risk_trend_200d|h1,risk_adjusted_trend,risk_trend_200d,1,"{""window"": 200}",12,12,12,12,0.0114879201222595,0.011928527,0.0131548709738931,0.011293946,0.012283366,1.0,0.9166666666666666,0.9166666666666666,0.9166666666666666,0.0016668339570363,0.0118719668438037,30.0,30.0,30.0,30.0,0.0122832655328932,0.011364372,0.0135613538788023,0.014395575,0.013873247,0.9666666666666668,0.8666666666666667,0.8333333333333334,0.8333333333333334,0.0012753648993869,0.0135505460513134,True,True,True,True,True,True,True,True,True,True,True,True,True,True,True,True,True,True,True,True
risk_adjusted_trend|risk_trend_250d|h1,risk_adjusted_trend,risk_trend_250d,1,"{""window"": 250}",12,12,12,12,0.0129859737941216,0.013584114,0.0144954031383318,0.01348986,0.014278121,1.0,0.9166666666666666,0.9166666666666666,0.9166666666666666,0.0015057249693199,0.0134692553353185,30.0,30.0,30.0,30.0,0.0139069473605122,0.012707727,0.0150455832133682,0.01566104,0.015610907,0.9666666666666668,0.8333333333333334,0.8,0.8,0.0011378524204095,0.0147090125828981,True,True,True,True,True,True,True,True,True,True,True,True,True,True,True,True,True,True,True,True
risk_adjusted_trend|risk_trend_250d|h21,risk_adjusted_trend,risk_trend_250d,21,"{""window"": 250}",12,12,12,12,0.0049612104360637,0.0037204982,0.0073896545590925,0.010048164,0.04981918,0.8333333333333334,0.8333333333333334,0.6666666666666666,0.6666666666666666,0.0024545070482417,0.0366374680694813,30.0,30.0,30.0,30.0,0.0088174815586726,0.009919571,0.0093557210672468,0.011876313,0.07028103,0.6333333333333333,0.7,0.6,0.4666666666666667,0.0005670403440793,0.0645557018617788,True,True,True,True,True,True,True,True,True,True,True,True,True,True,True,True,True,True,True,True
short_term_reversal|reversal_5d|h5,short_term_reversal,reversal_5d,5,"{""window"": 5}",12,12,12,12,0.0121668523563934,0.012224759,0.0114151722767913,0.013035884,0.009486019,1.0,0.8333333333333334,0.8333333333333334,0.8333333333333334,-0.0007570111192762,0.0078151028137654,30.0,30.0,30.0,30.0,0.0121471060489385,0.011448959,0.0116001069467389,0.010761509,0.018936558,0.9333333333333332,0.7,0.6333333333333333,0.6333333333333333,-0.0005607109051197,0.0178101621723423,True,True,True,True,True,True,True,True,True,True,True,True,True,True,True,True,True,True,True,True
trend_slope|slope_200d|h1,trend_slope,slope_200d,1,"{""window"": 200}",12,12,12,12,0.0102977823573573,0.010720989,0.01261377526707,0.011530075,0.011805498,1.0,0.9166666666666666,0.9166666666666666,0.9166666666666666,0.0023170258500613,0.0114032358590823,30.0,30.0,30.0,30.0,0.0107967339291771,0.00998034,0.0124168727108056,0.010868285,0.013209327,0.9,0.8333333333333334,0.7333333333333333,0.7333333333333333,0.0016210148266206,0.0127080667919168,True,True,True,True,True,True,True,True,True,True,True,True,True,True,True,True,True,True,True,True
trend_slope|slope_250d|h1,trend_slope,slope_250d,1,"{""window"": 250}",12,12,12,12,0.0121393097800592,0.012819104,0.0139277339295772,0.013164122,0.014414597,1.0,0.9166666666666666,0.9166666666666666,0.9166666666666666,0.0017862869426608,0.0140097366335491,30.0,30.0,30.0,30.0,0.0128407707262249,0.010865426,0.0143108821868731,0.013335645,0.014975124,0.9666666666666668,0.9,0.8666666666666667,0.8666666666666667,0.0014781478637208,0.0142612671634803,True,True,True,True,True,True,True,True,True,True,True,True,True,True,True,True,True,True,True,True
trend_slope|slope_250d|h5,trend_slope,slope_250d,5,"{""window"": 250}",12,12,12,12,0.0122305685722471,0.01153072,0.0123417829408701,0.01458735,0.027586475,1.0,0.75,0.75,0.75,0.0001008422890057,0.0249784097541123,30.0,30.0,30.0,30.0,0.0127297283683673,0.014960007,0.0137506161254413,0.017742023,0.03484376,0.8,0.6666666666666666,0.6,0.5333333333333333,0.0010600271013875,0.0320221615644792,True,True,True,True,True,True,True,True,True,True,True,True,True,True,True,True,True,True,True,True
volatility_scaled_momentum|vsmom_12m_1m_vol60|h1,volatility_scaled_momentum,vsmom_12m_1m_vol60,1,"{""skip"": 21, ""volatility_window"": 60, ""window"": 252}",12,12,12,12,0.0134323236169457,0.014153362,0.0146639276559127,0.01683181,0.015407061,1.0,0.8333333333333334,0.8333333333333334,0.8333333333333334,0.0012322441907599,0.0145856206072494,30.0,30.0,30.0,30.0,0.0147773118807721,0.01631859,0.0156798547685926,0.016694736,0.016780302,0.9666666666666668,0.8,0.7666666666666667,0.7666666666666667,0.0008998291566967,0.0166126231352488,True,True,True,True,True,True,True,True,True,True,True,True,True,True,True,True,True,True,True,True
volatility_scaled_momentum|vsmom_6m_1m_vol60|h1,volatility_scaled_momentum,vsmom_6m_1m_vol60,1,"{""skip"": 21, ""volatility_window"": 60, ""window"": 126}",12,12,12,12,0.0098388342958524,0.009589192,0.0109499170370227,0.011600021,0.0078555355,1.0,0.9166666666666666,0.9166666666666666,0.9166666666666666,0.0011197308388849,0.0071345136190454,30.0,30.0,30.0,30.0,0.0104579802398617,0.009817691,0.0116590457202083,0.010460571,0.011591585,0.9666666666666668,0.9,0.8666666666666667,0.8666666666666667,0.0011873077756414,0.0115974134920785,True,True,True,True,True,True,True,True,True,True,True,True,True,True,True,True,True,True,True,True
volatility_scaled_momentum|vsmom_9m_1m_vol60|h1,volatility_scaled_momentum,vsmom_9m_1m_vol60,1,"{""skip"": 21, ""volatility_window"": 60, ""window"": 189}",12,12,12,12,0.0123657368982459,0.013199398,0.0143739295713887,0.012921007,0.012723557,1.0,0.9166666666666666,0.9166666666666666,0.9166666666666666,0.0020082492458944,0.0119674439774826,30.0,30.0,30.0,30.0,0.0133910562016296,0.011983711,0.0142818935219024,0.014494982,0.014377168,0.9666666666666668,0.8666666666666667,0.8333333333333334,0.8333333333333334,0.0008848875916252,0.0140858829797556,True,True,True,True,True,True,True,True,True,True,True,True,True,True,True,True,True,True,True,True
