family,variant,horizon_days,parameters,observations,mean_ic,std_ic,tstat,positive_rate
momentum,3m-0m,1,"{""skip"": 0, ""window"": 63}",4180,0.0010777601,0.20707299,0.3365416110103712,0.5143540669856459
momentum,3m-0m,5,"{""skip"": 0, ""window"": 63}",4176,-0.0050136447,0.19686672,-0.9364006096545394,0.5047892720306514
momentum,3m-0m,10,"{""skip"": 0, ""window"": 63}",4171,-0.007732083,0.18962961,-1.0694931860527017,0.5025173819228003
momentum,3m-0m,21,"{""skip"": 0, ""window"": 63}",4160,-0.006593692,0.18576902,-0.6716105967877296,0.5064903846153846
momentum,3m-0m,42,"{""skip"": 0, ""window"": 63}",4139,-0.012700496,0.17572941,-1.017555310575073,0.48731577675767096
momentum,3m-0m,63,"{""skip"": 0, ""window"": 63}",4118,-0.011819331,0.16967918,-0.8565869277600836,0.4847013113161729
momentum,3m-0m,126,"{""skip"": 0, ""window"": 63}",4055,0.00024896287,0.15644033,0.017912336775903263,0.535881627620222
momentum,3m-0m,252,"{""skip"": 0, ""window"": 63}",3929,0.006786904,0.16409351,0.44654861200805746,0.5528124204632222
momentum,3m-1m,1,"{""skip"": 21, ""window"": 63}",4180,0.0045788265,0.1939368,1.5266311008416347,0.5232057416267942
momentum,3m-1m,5,"{""skip"": 21, ""window"": 63}",4176,-0.00057084695,0.18662709,-0.11192595993479436,0.5148467432950191
momentum,3m-1m,10,"{""skip"": 21, ""window"": 63}",4171,-0.004580355,0.18118995,-0.6648474536767651,0.490050347638456
momentum,3m-1m,21,"{""skip"": 21, ""window"": 63}",4160,-0.004238898,0.17851508,-0.44744673886535236,0.5100961538461538
momentum,3m-1m,42,"{""skip"": 21, ""window"": 63}",4139,-0.0069233538,0.17165458,-0.5780567980657597,0.5047112829185794
momentum,3m-1m,63,"{""skip"": 21, ""window"": 63}",4118,-0.006950787,0.1649014,-0.5519492031933362,0.49781447304516757
momentum,3m-1m,126,"{""skip"": 21, ""window"": 63}",4055,0.004382869,0.15408082,0.3595948704214662,0.5457459926017263
momentum,3m-1m,252,"{""skip"": 21, ""window"": 63}",3929,0.008043824,0.15904197,0.6305951980413762,0.5505217612624077
momentum,6m-0m,1,"{""skip"": 0, ""window"": 126}",4180,0.007396741,0.22400177,2.1351533842357577,0.5330143540669856
momentum,6m-0m,5,"{""skip"": 0, ""window"": 126}",4176,0.0025987807,0.21722801,0.4333720922657938,0.5256226053639846
momentum,6m-0m,10,"{""skip"": 0, ""window"": 126}",4171,-0.002517206,0.20970021,-0.31241953546929185,0.522176935986574
momentum,6m-0m,21,"{""skip"": 0, ""window"": 126}",4160,-0.0043669203,0.19788939,-0.41753671945219306,0.5302884615384615
momentum,6m-0m,42,"{""skip"": 0, ""window"": 126}",4139,-0.00545374,0.17917427,-0.435182842807606,0.5221067890794878
momentum,6m-0m,63,"{""skip"": 0, ""window"": 126}",4118,-0.0034114462,0.16733599,-0.2498916103337065,0.5228266148615833
momentum,6m-0m,126,"{""skip"": 0, ""window"": 126}",4055,0.014538019,0.157602,0.8289304670989139,0.5785450061652281
momentum,6m-0m,252,"{""skip"": 0, ""window"": 126}",3929,0.005280445,0.17463751,0.22695908959931113,0.5227793331636549
momentum,6m-1m,1,"{""skip"": 21, ""window"": 126}",4180,0.009142564,0.21932593,2.6953682924757802,0.535645933014354
momentum,6m-1m,5,"{""skip"": 21, ""window"": 126}",4176,0.003839081,0.21162935,0.6546693978522374,0.5196360153256705
momentum,6m-1m,10,"{""skip"": 21, ""window"": 126}",4171,-0.0031568864,0.20440705,-0.4043080127870379,0.506113641812515
momentum,6m-1m,21,"{""skip"": 21, ""window"": 126}",4160,-0.006520333,0.18911219,-0.6480820454232604,0.510576923076923
momentum,6m-1m,42,"{""skip"": 21, ""window"": 126}",4139,-0.0056815827,0.17425177,-0.469220244636719,0.5155834742691472
momentum,6m-1m,63,"{""skip"": 21, ""window"": 126}",4118,-0.0032200657,0.16304474,-0.2465111479569137,0.5271976687712482
momentum,6m-1m,126,"{""skip"": 21, ""window"": 126}",4055,0.015652973,0.15874009,0.8808585142278229,0.5694204685573366
momentum,6m-1m,252,"{""skip"": 21, ""window"": 126}",3929,0.0056929355,0.17314345,0.25486029330392723,0.5390684652583354
momentum,6m-2m,1,"{""skip"": 42, ""window"": 126}",4180,0.007986911,0.20734347,2.490741067565131,0.5282296650717704
momentum,6m-2m,5,"{""skip"": 42, ""window"": 126}",4176,0.0035203197,0.2029495,0.622184408344733,0.5148467432950191
momentum,6m-2m,10,"{""skip"": 42, ""window"": 126}",4171,-0.0022249895,0.19742873,-0.29270461925327457,0.5029968832414289
momentum,6m-2m,21,"{""skip"": 42, ""window"": 126}",4160,-0.0035291803,0.18357334,-0.3625758281325908,0.509375
momentum,6m-2m,42,"{""skip"": 42, ""window"": 126}",4139,-0.0020696314,0.17080386,-0.1774446691734662,0.5281468953853588
momentum,6m-2m,63,"{""skip"": 42, ""window"": 126}",4118,0.003100339,0.1646897,0.23784594409142543,0.5505099562894609
momentum,6m-2m,126,"{""skip"": 42, ""window"": 126}",4055,0.019253466,0.16200772,1.1177896381465753,0.5953144266337854
momentum,6m-2m,252,"{""skip"": 42, ""window"": 126}",3929,0.0068457695,0.16967417,0.33229439679372813,0.5426317129040469
momentum,9m-0m,1,"{""skip"": 0, ""window"": 189}",4180,0.009928284,0.23231773,2.7633251056966666,0.5399521531100478
momentum,9m-0m,5,"{""skip"": 0, ""window"": 189}",4176,0.0069738505,0.22587375,1.1150346708647647,0.5261015325670498
momentum,9m-0m,10,"{""skip"": 0, ""window"": 189}",4171,0.0043349583,0.21995296,0.5080359810171433,0.533684967633661
momentum,9m-0m,21,"{""skip"": 0, ""window"": 189}",4160,0.004106462,0.21186766,0.3557775221115459,0.551923076923077
momentum,9m-0m,42,"{""skip"": 0, ""window"": 189}",4139,0.0072494242,0.1972414,0.501728652145744,0.5605218651848273
momentum,9m-0m,63,"{""skip"": 0, ""window"": 189}",4118,0.010389777,0.18587488,0.6384786298678147,0.5689655172413793
momentum,9m-0m,126,"{""skip"": 0, ""window"": 189}",4055,0.014331,0.18085462,0.62203656778462,0.5509247842170161
momentum,9m-0m,252,"{""skip"": 0, ""window"": 189}",3929,0.0059838453,0.1757337,0.2150622593358791,0.5342326291677272
momentum,9m-1m,1,"{""skip"": 21, ""window"": 189}",4180,0.011788087,0.22812892,3.3412047388881922,0.5327751196172249
momentum,9m-1m,5,"{""skip"": 21, ""window"": 189}",4176,0.009405376,0.22107767,1.5359393127283345,0.5380747126436781
momentum,9m-1m,10,"{""skip"": 21, ""window"": 189}",4171,0.0060236705,0.21448857,0.7296241893637367,0.5353632222488612
momentum,9m-1m,21,"{""skip"": 21, ""window"": 189}",4160,0.0046272497,0.20230803,0.41987563193115046,0.5548076923076923
momentum,9m-1m,42,"{""skip"": 21, ""window"": 189}",4139,0.009100242,0.19000302,0.6541176450028908,0.5491664653297899
momentum,9m-1m,63,"{""skip"": 21, ""window"": 189}",4118,0.011851415,0.18094985,0.7368393546085682,0.5611947547353084
momentum,9m-1m,126,"{""skip"": 21, ""window"": 189}",4055,0.015855324,0.18023899,0.6853302305313591,0.5570900123304562
momentum,9m-1m,252,"{""skip"": 21, ""window"": 189}",3929,0.0060520293,0.17238031,0.2219952385235612,0.5243064392975312
momentum,9m-2m,1,"{""skip"": 42, ""window"": 189}",4180,0.010626022,0.21771069,3.1559567336137353,0.531578947368421
momentum,9m-2m,5,"{""skip"": 42, ""window"": 189}",4176,0.009072802,0.21346691,1.5294714908092837,0.5361590038314177
momentum,9m-2m,10,"{""skip"": 42, ""window"": 189}",4171,0.0067961575,0.2070067,0.8508743923704919,0.5423159913689762
momentum,9m-2m,21,"{""skip"": 42, ""window"": 189}",4160,0.0068612704,0.19603935,0.6420968168564851,0.551923076923077
momentum,9m-2m,42,"{""skip"": 42, ""window"": 189}",4139,0.010511939,0.18523856,0.7649282203589457,0.5409519207538053
momentum,9m-2m,63,"{""skip"": 42, ""window"": 189}",4118,0.014885192,0.18167536,0.8937005895937034,0.554638173870811
momentum,9m-2m,126,"{""skip"": 42, ""window"": 189}",4055,0.016846793,0.1802518,0.7230484889995615,0.5649815043156596
momentum,9m-2m,252,"{""skip"": 42, ""window"": 189}",3929,0.0062539973,0.16955113,0.2340853778458107,0.5097989310257063
momentum,12m-0m,1,"{""skip"": 0, ""window"": 252}",4180,0.01204474,0.23642683,3.294130182678398,0.5389952153110048
momentum,12m-0m,5,"{""skip"": 0, ""window"": 252}",4176,0.010740675,0.23065253,1.67485215526909,0.5366379310344828
momentum,12m-0m,10,"{""skip"": 0, ""window"": 252}",4171,0.0077346237,0.22446391,0.8891551597472608,0.5312874610405178
momentum,12m-0m,21,"{""skip"": 0, ""window"": 252}",4160,0.005591262,0.21366468,0.4756708750202398,0.5461538461538461
momentum,12m-0m,42,"{""skip"": 0, ""window"": 252}",4139,0.003123915,0.20363334,0.19968621543995058,0.5216235805750181
momentum,12m-0m,63,"{""skip"": 0, ""window"": 252}",4118,0.0015341354,0.19494505,0.08459472132730986,0.5257406508013599
momentum,12m-0m,126,"{""skip"": 0, ""window"": 252}",4055,0.0075312504,0.18429701,0.3131309006194969,0.5420468557336622
momentum,12m-0m,252,"{""skip"": 0, ""window"": 252}",3929,0.0019188616,0.17824082,0.06472448446575467,0.5411046067701706
momentum,12m-1m,1,"{""skip"": 21, ""window"": 252}",4180,0.013884373,0.23410217,3.8349606269567618,0.5373205741626794
momentum,12m-1m,5,"{""skip"": 21, ""window"": 252}",4176,0.013388844,0.22786953,2.112651095244354,0.539272030651341
momentum,12m-1m,10,"{""skip"": 21, ""window"": 252}",4171,0.0098373685,0.2209104,1.1576594054061307,0.5324862143370894
momentum,12m-1m,21,"{""skip"": 21, ""window"": 252}",4160,0.007099278,0.20618308,0.6253331023035755,0.5372596153846154
momentum,12m-1m,42,"{""skip"": 21, ""window"": 252}",4139,0.005742469,0.1982751,0.37670666469677616,0.5211403720705484
momentum,12m-1m,63,"{""skip"": 21, ""window"": 252}",4118,0.0032872816,0.19159862,0.18219841511229534,0.5235551238465275
momentum,12m-1m,126,"{""skip"": 21, ""window"": 252}",4055,0.0088101085,0.18504205,0.3617565270006734,0.5393341553637485
momentum,12m-1m,252,"{""skip"": 21, ""window"": 252}",3929,0.0019800023,0.17229627,0.06769082962787712,0.544667854415882
momentum,12m-2m,1,"{""skip"": 42, ""window"": 252}",4180,0.012716752,0.22604182,3.6377050047333137,0.5370813397129187
momentum,12m-2m,5,"{""skip"": 42, ""window"": 252}",4176,0.01298216,0.22191127,2.0930803082007814,0.5404693486590039
momentum,12m-2m,10,"{""skip"": 42, ""window"": 252}",4171,0.010343398,0.21628524,1.240120356054272,0.53752097818269
momentum,12m-2m,21,"{""skip"": 42, ""window"": 252}",4160,0.00877318,0.20184653,0.7871843956450995,0.5370192307692307
momentum,12m-2m,42,"{""skip"": 42, ""window"": 252}",4139,0.0069645117,0.196238,0.4557508297123683,0.5179995167914956
momentum,12m-2m,63,"{""skip"": 42, ""window"": 252}",4118,0.0057799006,0.19152625,0.3156301203584381,0.5162700339970859
momentum,12m-2m,126,"{""skip"": 42, ""window"": 252}",4055,0.009425145,0.18452206,0.3844099603246217,0.5432799013563502
momentum,12m-2m,252,"{""skip"": 42, ""window"": 252}",3929,0.0012980747,0.16582903,0.04510795872109864,0.5329600407228302
momentum,18m-0m,1,"{""skip"": 0, ""window"": 378}",4180,0.009778503,0.22450957,2.8162916586507065,0.531578947368421
momentum,18m-0m,5,"{""skip"": 0, ""window"": 378}",4176,0.010383758,0.21956198,1.69749294279969,0.5395114942528736
momentum,18m-0m,10,"{""skip"": 0, ""window"": 378}",4171,0.007865159,0.21483581,0.9327315236915789,0.5308079597218892
momentum,18m-0m,21,"{""skip"": 0, ""window"": 378}",4160,0.0054725264,0.20946926,0.46761943164424963,0.5509615384615385
momentum,18m-0m,42,"{""skip"": 0, ""window"": 378}",4139,0.0016032002,0.2048827,0.10022740209467593,0.5317709591688814
momentum,18m-0m,63,"{""skip"": 0, ""window"": 378}",4118,0.0019520639,0.19797796,0.10358270753740553,0.5434677027683341
momentum,18m-0m,126,"{""skip"": 0, ""window"": 378}",4055,0.010105105,0.19279662,0.3850398999092709,0.5903822441430333
momentum,18m-0m,252,"{""skip"": 0, ""window"": 378}",3929,-0.016515633,0.1809034,-0.5164753256014295,0.528124204632222
momentum,18m-1m,1,"{""skip"": 21, ""window"": 378}",4180,0.01141555,0.22321494,3.3068435595193706,0.5289473684210526
momentum,18m-1m,5,"{""skip"": 21, ""window"": 378}",4176,0.013016036,0.21793768,2.142083643310317,0.5454980842911877
momentum,18m-1m,10,"{""skip"": 21, ""window"": 378}",4171,0.010456463,0.21280462,1.2601148873245382,0.5339247182929753
momentum,18m-1m,21,"{""skip"": 21, ""window"": 378}",4160,0.007871486,0.20396109,0.6907209336237735,0.5454326923076923
momentum,18m-1m,42,"{""skip"": 21, ""window"": 378}",4139,0.0043547684,0.20096713,0.2772132249934258,0.5332205846822904
momentum,18m-1m,63,"{""skip"": 21, ""window"": 378}",4118,0.003757035,0.19520141,0.20037882821085629,0.5403108305002429
momentum,18m-1m,126,"{""skip"": 21, ""window"": 378}",4055,0.011141366,0.1939861,0.42044017176127507,0.5911220715166461
momentum,18m-1m,252,"{""skip"": 21, ""window"": 378}",3929,-0.017661698,0.17500944,-0.5611869515953307,0.5159073555612115
momentum,18m-2m,1,"{""skip"": 42, ""window"": 378}",4180,0.010964101,0.21704632,3.26633480644422,0.5299043062200957
momentum,18m-2m,5,"{""skip"": 42, ""window"": 378}",4176,0.013439943,0.21319714,2.2486744689813003,0.5459770114942529
momentum,18m-2m,10,"{""skip"": 42, ""window"": 378}",4171,0.011603615,0.20957807,1.4138302521002506,0.5365619755454327
momentum,18m-2m,21,"{""skip"": 42, ""window"": 378}",4160,0.009894716,0.20100605,0.8773024794461791,0.5444711538461539
momentum,18m-2m,42,"{""skip"": 42, ""window"": 378}",4139,0.0054785465,0.19907127,0.3490251127899329,0.5353950229524039
momentum,18m-2m,63,"{""skip"": 42, ""window"": 378}",4118,0.0060975943,0.19641219,0.3195757463252173,0.5456532297231665
momentum,18m-2m,126,"{""skip"": 42, ""window"": 378}",4055,0.011613879,0.19393419,0.43606134497751725,0.5718865598027127
momentum,18m-2m,252,"{""skip"": 42, ""window"": 378}",3929,-0.018927965,0.16982178,-0.6135900248082798,0.5077627895138712
momentum,24m-0m,1,"{""skip"": 0, ""window"": 504}",4180,0.0096381055,0.21694972,2.8725837373719654,0.5394736842105263
momentum,24m-0m,5,"{""skip"": 0, ""window"": 504}",4176,0.01021978,0.21653907,1.6787107575308455,0.539272030651341
momentum,24m-0m,10,"{""skip"": 0, ""window"": 504}",4171,0.007814937,0.21517704,0.9127753504743413,0.5401582354351474
momentum,24m-0m,21,"{""skip"": 0, ""window"": 504}",4160,0.0022930945,0.21216929,0.18975345548254755,0.5387019230769231
momentum,24m-0m,42,"{""skip"": 0, ""window"": 504}",4139,-0.0053281346,0.20816301,-0.32476804780444823,0.5279052911331239
momentum,24m-0m,63,"{""skip"": 0, ""window"": 504}",4118,-0.009931193,0.20260203,-0.5079631245287016,0.5191840699368625
momentum,24m-0m,126,"{""skip"": 0, ""window"": 504}",4055,-0.015019541,0.20122425,-0.5554710147308577,0.5331689272503083
momentum,24m-0m,252,"{""skip"": 0, ""window"": 504}",3929,-0.021820737,0.18858705,-0.6405915100491343,0.47365741919063375
momentum,24m-1m,1,"{""skip"": 21, ""window"": 504}",4180,0.011347798,0.21610627,3.3953486889943867,0.5418660287081339
momentum,24m-1m,5,"{""skip"": 21, ""window"": 504}",4176,0.013147791,0.21524386,2.17374268458311,0.5486111111111112
momentum,24m-1m,10,"{""skip"": 21, ""window"": 504}",4171,0.010956171,0.2133935,1.2975705711695376,0.5461520019180053
momentum,24m-1m,21,"{""skip"": 21, ""window"": 504}",4160,0.005360191,0.20757793,0.45222909945861983,0.5439903846153846
momentum,24m-1m,42,"{""skip"": 21, ""window"": 504}",4139,-0.0024209383,0.20640424,-0.14814734961822273,0.5237980188451317
momentum,24m-1m,63,"{""skip"": 21, ""window"": 504}",4118,-0.008224055,0.20168506,-0.4178525936076733,0.5194269062651773
momentum,24m-1m,126,"{""skip"": 21, ""window"": 504}",4055,-0.014343513,0.2034474,-0.522849485257092,0.530209617755857
momentum,24m-1m,252,"{""skip"": 21, ""window"": 504}",3929,-0.022877619,0.18401921,-0.677572058567857,0.4726393484347162
momentum,24m-2m,1,"{""skip"": 42, ""window"": 504}",4180,0.010874065,0.21161805,3.3226094120086103,0.5363636363636364
momentum,24m-2m,5,"{""skip"": 42, ""window"": 504}",4176,0.0131990295,0.2117359,2.2087692645620565,0.5476532567049809
momentum,24m-2m,10,"{""skip"": 42, ""window"": 504}",4171,0.011382338,0.21108547,1.358821926564526,0.5423159913689762
momentum,24m-2m,21,"{""skip"": 42, ""window"": 504}",4160,0.0063719125,0.20626616,0.5381181606781463,0.5391826923076923
momentum,24m-2m,42,"{""skip"": 42, ""window"": 504}",4139,-0.0021741048,0.20627768,-0.13222553065296763,0.5305629379077071
momentum,24m-2m,63,"{""skip"": 42, ""window"": 504}",4118,-0.007031088,0.20380928,-0.34935672415269453,0.5143273433705683
momentum,24m-2m,126,"{""skip"": 42, ""window"": 504}",4055,-0.015210064,0.20271282,-0.5547985505547678,0.5144266337854501
momentum,24m-2m,252,"{""skip"": 42, ""window"": 504}",3929,-0.02479258,0.17867073,-0.7455015961936775,0.4614405701196233
low_volatility,20d,1,"{""window"": 20}",4180,0.004770587,0.2421189,1.274040683941361,0.5035885167464115
low_volatility,20d,5,"{""window"": 20}",4176,-0.0013423046,0.23813929,-0.20100504954883294,0.49952107279693486
low_volatility,20d,10,"{""window"": 20}",4171,-0.003773063,0.233225,-0.41071045023958774,0.49796211939582835
low_volatility,20d,21,"{""window"": 20}",4160,-0.006141933,0.22678944,-0.4774369711741387,0.5038461538461538
low_volatility,20d,42,"{""window"": 20}",4139,-0.008722512,0.22657472,-0.48773584345530924,0.4984295723604735
low_volatility,20d,63,"{""window"": 20}",4118,-0.008755047,0.22341897,-0.40990722940915103,0.5024283632831471
low_volatility,20d,126,"{""window"": 20}",4055,-0.004891697,0.21546233,-0.17524668030125404,0.5011097410604193
low_volatility,20d,252,"{""window"": 20}",3929,0.0017713725,0.21033907,0.04717564877259249,0.5026724357342836
low_volatility,40d,1,"{""window"": 40}",4180,0.0051970165,0.25657153,1.3097418132518084,0.5055023923444976
low_volatility,40d,5,"{""window"": 40}",4176,-0.0007673099,0.25255582,-0.1083068744625485,0.5011973180076629
low_volatility,40d,10,"{""window"": 40}",4171,-0.0031446235,0.24623103,-0.32352536624409817,0.5029968832414289
low_volatility,40d,21,"{""window"": 40}",4160,-0.00430447,0.2401752,-0.31334044085274143,0.5076923076923077
low_volatility,40d,42,"{""window"": 40}",4139,-0.008085679,0.24035247,-0.42036966805267006,0.49722155109929933
low_volatility,40d,63,"{""window"": 40}",4118,-0.009829206,0.2375127,-0.42592763768868813,0.4968431277319087
low_volatility,40d,126,"{""window"": 40}",4055,-0.0047451253,0.22816052,-0.15670332102909196,0.49864364981504317
low_volatility,40d,252,"{""window"": 40}",3929,0.0023357894,0.22385809,0.05729256193075036,0.4947823873759226
low_volatility,60d,1,"{""window"": 60}",4180,0.0054226625,0.26399314,1.32818936332159,0.508133971291866
low_volatility,60d,5,"{""window"": 60}",4176,-0.0011583165,0.26020393,-0.15848102902132724,0.49353448275862066
low_volatility,60d,10,"{""window"": 60}",4171,-0.0040254476,0.25488156,-0.39992283206404033,0.501558379285543
low_volatility,60d,21,"{""window"": 60}",4160,-0.005417901,0.2480564,-0.38090533491092726,0.5024038461538461
low_volatility,60d,42,"{""window"": 60}",4139,-0.010637062,0.248237,-0.5331129135333924,0.4984295723604735
low_volatility,60d,63,"{""window"": 60}",4118,-0.011882603,0.24659905,-0.49357828183849406,0.4907722195240408
low_volatility,60d,126,"{""window"": 60}",4055,-0.0064856666,0.23577209,-0.20459255301578788,0.4976572133168927
low_volatility,60d,252,"{""window"": 60}",3929,0.0013183571,0.23099837,0.030939264987036235,0.48994655128531434
low_volatility,90d,1,"{""window"": 90}",4180,0.0051022726,0.2678562,1.2316914538549966,0.5057416267942584
low_volatility,90d,5,"{""window"": 90}",4176,-0.001312397,0.26467553,-0.1760020080128872,0.49473180076628354
low_volatility,90d,10,"{""window"": 90}",4171,-0.0042058714,0.26028723,-0.40760296409938923,0.49796211939582835
low_volatility,90d,21,"{""window"": 90}",4160,-0.0067567225,0.25416216,-0.4623130570789795,0.5012019230769231
low_volatility,90d,42,"{""window"": 90}",4139,-0.012636864,0.25474477,-0.6158606083722171,0.49528871708142064
low_volatility,90d,63,"{""window"": 90}",4118,-0.013731761,0.252681,-0.5553747457702742,0.4881010199125789
low_volatility,90d,126,"{""window"": 90}",4055,-0.0073907976,0.24196383,-0.22539693526232907,0.49445129469790383
low_volatility,90d,252,"{""window"": 90}",3929,0.00096944236,0.23643747,0.021966696661387272,0.4856197505726648
low_volatility,120d,1,"{""window"": 120}",4180,0.004760996,0.27116618,1.1352784979847788,0.5035885167464115
low_volatility,120d,5,"{""window"": 120}",4176,-0.0017462139,0.26804012,-0.2312366110745061,0.4899425287356322
low_volatility,120d,10,"{""window"": 120}",4171,-0.0048166714,0.26365197,-0.46084218627598605,0.4972428674178854
low_volatility,120d,21,"{""window"": 120}",4160,-0.0076737907,0.25732931,-0.5175027032968259,0.5004807692307692
low_volatility,120d,42,"{""window"": 120}",4139,-0.013598022,0.25879353,-0.6511038325221341,0.49214786180236775
low_volatility,120d,63,"{""window"": 120}",4118,-0.014436435,0.25715137,-0.5733445933524166,0.48445847498785816
low_volatility,120d,126,"{""window"": 120}",4055,-0.006817229,0.24553953,-0.20358331790037615,0.4917385943279901
low_volatility,120d,252,"{""window"": 120}",3929,0.0020882864,0.23991598,0.04628879337476476,0.48511071519470605
low_volatility,180d,1,"{""window"": 180}",4180,0.0047180275,0.27396998,1.113518932469673,0.5059808612440191
low_volatility,180d,5,"{""window"": 180}",4176,-0.0015320485,0.27110067,-0.2006054038722601,0.491139846743295
low_volatility,180d,10,"{""window"": 180}",4171,-0.004572154,0.26614583,-0.4333199292319988,0.4948453608247423
low_volatility,180d,21,"{""window"": 180}",4160,-0.0072460924,0.2595859,-0.48299820721135117,0.4971153846153846
low_volatility,180d,42,"{""window"": 180}",4139,-0.012221631,0.26249468,-0.576324500064514,0.49408069582024644
low_volatility,180d,63,"{""window"": 180}",4118,-0.012509491,0.26025003,-0.4901968529194597,0.48664400194269064
low_volatility,180d,126,"{""window"": 180}",4055,-0.006519054,0.24998865,-0.18967179366947876,0.4850801479654747
low_volatility,180d,252,"{""window"": 180}",3929,0.0044304086,0.24179906,0.09645542789183281,0.4774751845253245
low_volatility,252d,1,"{""window"": 252}",4180,0.004151108,0.27512628,0.9756007635856085,0.5019138755980861
low_volatility,252d,5,"{""window"": 252}",4176,-0.0022328552,0.2725691,-0.2906272198835693,0.49018199233716475
low_volatility,252d,10,"{""window"": 252}",4171,-0.0051723057,0.26763222,-0.487261903818947,0.4936466075281707
low_volatility,252d,21,"{""window"": 252}",4160,-0.008350152,0.26115042,-0.5517624509135228,0.49375
low_volatility,252d,42,"{""window"": 252}",4139,-0.0140229855,0.2646057,-0.6542530907194001,0.4882821937666103
low_volatility,252d,63,"{""window"": 252}",4118,-0.014275437,0.26258188,-0.5515790357623668,0.48203011170471105
low_volatility,252d,126,"{""window"": 252}",4055,-0.006801145,0.25164458,-0.19647004948366728,0.4776818742293465
low_volatility,252d,252,"{""window"": 252}",3929,0.0055541196,0.24191801,0.11956736461258978,0.4713667599898193
trend,SMA20,1,"{""window"": 20}",4180,-0.006300802,0.1919968,-2.121983411899932,0.49569377990430624
trend,SMA20,5,"{""window"": 20}",4176,-0.012589778,0.18028264,-2.6366602182554937,0.4849137931034483
trend,SMA20,10,"{""window"": 20}",4171,-0.012223931,0.17132454,-2.0401830793484654,0.48573483577079835
trend,SMA20,21,"{""window"": 20}",4160,-0.0114436215,0.16526595,-1.5391902814254206,0.4872596153846154
trend,SMA20,42,"{""window"": 20}",4139,-0.012568903,0.15959054,-1.5572268057796839,0.4728195216235806
trend,SMA20,63,"{""window"": 20}",4118,-0.010486496,0.15785679,-1.2523486454644184,0.47498785818358424
trend,SMA20,126,"{""window"": 20}",4055,-0.004062623,0.15442294,-0.5020749309097703,0.4969173859432799
trend,SMA20,252,"{""window"": 20}",3929,0.0023245637,0.14859025,0.3058724348373146,0.5342326291677272
trend,SMA50,1,"{""window"": 50}",4180,-0.0026973395,0.20097223,-0.8678399024022957,0.509090909090909
trend,SMA50,5,"{""window"": 50}",4176,-0.008641906,0.18937069,-1.694984668729361,0.4964080459770115
trend,SMA50,10,"{""window"": 50}",4171,-0.01051085,0.17753908,-1.606727907685296,0.4905298489570846
trend,SMA50,21,"{""window"": 50}",4160,-0.011503304,0.17044874,-1.3211699855058239,0.5
trend,SMA50,42,"{""window"": 50}",4139,-0.013184814,0.16638647,-1.2090348453057316,0.48272529596520897
trend,SMA50,63,"{""window"": 50}",4118,-0.010780935,0.16518609,-0.8934463144138703,0.48300145701796987
trend,SMA50,126,"{""window"": 50}",4055,-0.0020530955,0.15843442,-0.17334234276873142,0.5146732429099876
trend,SMA50,252,"{""window"": 50}",3929,0.006258956,0.15753657,0.5271794592597964,0.5413591244591499
trend,SMA100,1,"{""window"": 100}",4180,0.0009045698,0.21358529,0.2738488128127413,0.5251196172248804
trend,SMA100,5,"{""window"": 100}",4176,-0.004785167,0.2024765,-0.8667417268275139,0.5057471264367817
trend,SMA100,10,"{""window"": 100}",4171,-0.007957318,0.19416338,-1.0755857294937754,0.5039558858786861
trend,SMA100,21,"{""window"": 100}",4160,-0.009537841,0.18839015,-0.9593346492997056,0.50625
trend,SMA100,42,"{""window"": 100}",4139,-0.014091402,0.17726403,-1.1291398746432064,0.49045663203672385
trend,SMA100,63,"{""window"": 100}",4118,-0.012161602,0.16995597,-0.876606330020092,0.48203011170471105
trend,SMA100,126,"{""window"": 100}",4055,9.277946e-05,0.1563566,0.0064029646519693515,0.5299630086313194
trend,SMA100,252,"{""window"": 100}",3929,0.004937717,0.16382122,0.29111978203322336,0.5500127258844489
trend,SMA150,1,"{""window"": 150}",4180,0.0040739435,0.22353272,1.1784577280721602,0.5308612440191387
trend,SMA150,5,"{""window"": 150}",4176,-0.0013603352,0.21437249,-0.2310858799458731,0.5179597701149425
trend,SMA150,10,"{""window"": 150}",4171,-0.0048547983,0.20679204,-0.611812556511935,0.5116279069767442
trend,SMA150,21,"{""window"": 150}",4160,-0.00619429,0.1986661,-0.5887681951481886,0.5211538461538462
trend,SMA150,42,"{""window"": 150}",4139,-0.009789654,0.18217044,-0.7633988676820519,0.5056776999275188
trend,SMA150,63,"{""window"": 150}",4118,-0.008419788,0.17113379,-0.5970922494810408,0.4968431277319087
trend,SMA150,126,"{""window"": 150}",4055,0.0061312527,0.15737197,0.37243623845371215,0.5447595561035758
trend,SMA150,252,"{""window"": 150}",3929,0.0043899477,0.17018971,0.20499153899249634,0.5306693815220158
trend,SMA200,1,"{""window"": 200}",4180,0.0062457058,0.23008187,1.7552510299467676,0.5313397129186603
trend,SMA200,5,"{""window"": 200}",4176,0.0012950771,0.22183885,0.2119457154457728,0.521551724137931
trend,SMA200,10,"{""window"": 200}",4171,-0.0021590579,0.21462327,-0.2611385026176108,0.5219371853272596
trend,SMA200,21,"{""window"": 200}",4160,-0.0034244116,0.2064058,-0.3108229402303075,0.5317307692307692
trend,SMA200,42,"{""window"": 200}",4139,-0.005251479,0.18945314,-0.3902697606351512,0.5240396230973665
trend,SMA200,63,"{""window"": 200}",4118,-0.0028262539,0.17692156,-0.19247022778232087,0.5257406508013599
trend,SMA200,126,"{""window"": 200}",4055,0.009437408,0.16650605,0.49469944905340146,0.5600493218249075
trend,SMA200,252,"{""window"": 200}",3929,0.0054896735,0.17503506,0.2223911814607895,0.5278696869432425
trend,SMA250,1,"{""window"": 250}",4180,0.008357717,0.23512661,2.298401743255751,0.5416267942583732
trend,SMA250,5,"{""window"": 250}",4176,0.004321924,0.22759263,0.6868359634643907,0.5225095785440613
trend,SMA250,10,"{""window"": 250}",4171,0.0013325411,0.22087908,0.15600571987651826,0.529848957084632
trend,SMA250,21,"{""window"": 250}",4160,0.00021131795,0.21189664,0.01855673270425247,0.5478365384615385
trend,SMA250,42,"{""window"": 250}",4139,-0.0012483663,0.19420321,-0.08884575167437317,0.5378110654747523
trend,SMA250,63,"{""window"": 250}",4118,0.00014608215,0.18171279,0.009381311818951254,0.5388538125303546
trend,SMA250,126,"{""window"": 250}",4055,0.009606332,0.17309536,0.45382063196778255,0.554130702836005
trend,SMA250,252,"{""window"": 250}",3929,0.006053419,0.17811887,0.22756742830520899,0.535505217612624
short_term_reversal,reversal_5d,1,"{""window"": 5}",4180,0.007509497,0.18588465,2.6122060832900234,0.511244019138756
short_term_reversal,reversal_5d,5,"{""window"": 5}",4176,0.012586778,0.17691873,2.8570406455819306,0.5193965517241379
short_term_reversal,reversal_5d,10,"{""window"": 5}",4171,0.0101910345,0.17051047,2.0645122188026632,0.5202589307120594
short_term_reversal,reversal_5d,21,"{""window"": 5}",4160,0.00969756,0.16194615,1.8937559522313927,0.5175480769230769
short_term_reversal,reversal_5d,42,"{""window"": 5}",4139,0.007952044,0.15733722,1.5172109013742554,0.5039864701618748
short_term_reversal,reversal_5d,63,"{""window"": 5}",4118,0.0073121563,0.1535335,1.4092583702906247,0.5128703254006799
short_term_reversal,reversal_5d,126,"{""window"": 5}",4055,0.0014073056,0.15027814,0.28377672092055584,0.5011097410604193
short_term_reversal,reversal_5d,252,"{""window"": 5}",3929,-0.0017160791,0.14507906,-0.37208920569464976,0.4746754899465513
short_term_reversal,reversal_10d,1,"{""window"": 10}",4180,0.0052170595,0.18819937,1.7924526563835976,0.4916267942583732
short_term_reversal,reversal_10d,5,"{""window"": 10}",4176,0.01046728,0.17818217,2.2482708597462473,0.5112547892720306
short_term_reversal,reversal_10d,10,"{""window"": 10}",4171,0.010166969,0.16963601,1.7847408130336093,0.5104291536801726
short_term_reversal,reversal_10d,21,"{""window"": 10}",4160,0.009053649,0.16345726,1.3517767475887594,0.5132211538461539
short_term_reversal,reversal_10d,42,"{""window"": 10}",4139,0.009337675,0.15834613,1.3249704922705583,0.5167914955303213
short_term_reversal,reversal_10d,63,"{""window"": 10}",4118,0.008498687,0.15759839,1.2055229556421696,0.5118989800874211
short_term_reversal,reversal_10d,126,"{""window"": 10}",4055,0.0036022202,0.15409538,0.5282172205123458,0.5001233045622688
short_term_reversal,reversal_10d,252,"{""window"": 10}",3929,-0.0024522275,0.14811999,-0.4007012209878444,0.46780351234410794
short_term_reversal,reversal_21d,1,"{""window"": 21}",4180,0.0047902935,0.19216385,1.6118719110048694,0.5074162679425838
short_term_reversal,reversal_21d,5,"{""window"": 21}",4176,0.010200901,0.18230413,2.08788464579681,0.5110153256704981
short_term_reversal,reversal_21d,10,"{""window"": 21}",4171,0.01081186,0.17234941,1.7204337834822205,0.5166626708223447
short_term_reversal,reversal_21d,21,"{""window"": 21}",4160,0.010920064,0.1679708,1.3214212370194154,0.5069711538461539
short_term_reversal,reversal_21d,42,"{""window"": 21}",4139,0.013734531,0.15912765,1.515839872973491,0.5264556656197149
short_term_reversal,reversal_21d,63,"{""window"": 21}",4118,0.009481491,0.16003676,0.967947301765846,0.517969888295289
short_term_reversal,reversal_21d,126,"{""window"": 21}",4055,0.0027411643,0.15577202,0.2902346073001763,0.4897657213316893
short_term_reversal,reversal_21d,252,"{""window"": 21}",3929,-0.0032654614,0.15149392,-0.37469364641964265,0.4685670654110461
residual_momentum,resmom_6m_1m,1,"{""skip"": 21, ""window"": 126}",4180,0.008871537,0.21654542,2.64904859376428,0.5301435406698565
residual_momentum,resmom_6m_1m,5,"{""skip"": 21, ""window"": 126}",4176,0.003875621,0.20899269,0.6690807510231349,0.5201149425287356
residual_momentum,resmom_6m_1m,10,"{""skip"": 21, ""window"": 126}",4171,-0.002723333,0.20173125,-0.3532994542543416,0.5053943898345721
residual_momentum,resmom_6m_1m,21,"{""skip"": 21, ""window"": 126}",4160,-0.0055324445,0.18651538,-0.557115841165637,0.5134615384615384
residual_momentum,resmom_6m_1m,42,"{""skip"": 21, ""window"": 126}",4139,-0.0036891345,0.17225352,-0.30765035752862835,0.5126842232423291
residual_momentum,resmom_6m_1m,63,"{""skip"": 21, ""window"": 126}",4118,-0.0012380462,0.16062632,-0.09641946600903978,0.5310830500242837
residual_momentum,resmom_6m_1m,126,"{""skip"": 21, ""window"": 126}",4055,0.018562187,0.15402657,1.1005208653061556,0.5706535141800246
residual_momentum,resmom_6m_1m,252,"{""skip"": 21, ""window"": 126}",3929,0.00834329,0.17011212,0.38878450012683874,0.5449223721048613
residual_momentum,resmom_9m_1m,1,"{""skip"": 21, ""window"": 189}",4180,0.011390484,0.22448727,3.280881719715373,0.5327751196172249
residual_momentum,resmom_9m_1m,5,"{""skip"": 21, ""window"": 189}",4176,0.008977383,0.21721233,1.493421354374092,0.5292145593869731
residual_momentum,resmom_9m_1m,10,"{""skip"": 21, ""window"": 189}",4171,0.005788615,0.21024106,0.7164878916302443,0.530568209062575
residual_momentum,resmom_9m_1m,21,"{""skip"": 21, ""window"": 189}",4160,0.0050685243,0.19780153,0.47142445684226747,0.5550480769230769
residual_momentum,resmom_9m_1m,42,"{""skip"": 21, ""window"": 189}",4139,0.010631839,0.18587218,0.7866838237022051,0.5508576950954337
residual_momentum,resmom_9m_1m,63,"{""skip"": 21, ""window"": 189}",4118,0.013887046,0.1755723,0.9039446280486585,0.5679941719281204
residual_momentum,resmom_9m_1m,126,"{""skip"": 21, ""window"": 189}",4055,0.019151881,0.17276677,0.8744830955904935,0.5630086313193589
residual_momentum,resmom_9m_1m,252,"{""skip"": 21, ""window"": 189}",3929,0.008556384,0.16802204,0.3281545277422317,0.5243064392975312
residual_momentum,resmom_12m_1m,1,"{""skip"": 21, ""window"": 252}",4180,0.013570481,0.23041183,3.8082946837036724,0.5401913875598087
residual_momentum,resmom_12m_1m,5,"{""skip"": 21, ""window"": 252}",4176,0.013335774,0.22379632,2.1455697350457283,0.5440613026819924
residual_momentum,resmom_12m_1m,10,"{""skip"": 21, ""window"": 252}",4171,0.009941701,0.21611106,1.2005270615957944,0.5341644689522896
residual_momentum,resmom_12m_1m,21,"{""skip"": 21, ""window"": 252}",4160,0.007613627,0.20002764,0.6964216131204003,0.5420673076923077
residual_momentum,resmom_12m_1m,42,"{""skip"": 21, ""window"": 252}",4139,0.0077920742,0.19114873,0.5365334227986618,0.5196907465571394
residual_momentum,resmom_12m_1m,63,"{""skip"": 21, ""window"": 252}",4118,0.005811859,0.18396276,0.3405547131441007,0.531568722680913
residual_momentum,resmom_12m_1m,126,"{""skip"": 21, ""window"": 252}",4055,0.011590337,0.17747217,0.4996487493122594,0.541553637484587
residual_momentum,resmom_12m_1m,252,"{""skip"": 21, ""window"": 252}",3929,0.0046313116,0.16644475,0.16773691406256816,0.5342326291677272
volatility_scaled_momentum,vsmom_6m_1m_vol60,1,"{""skip"": 21, ""volatility_window"": 60, ""window"": 126}",4180,0.010183456,0.21008122,3.1343539412715113,0.5339712918660288
volatility_scaled_momentum,vsmom_6m_1m_vol60,5,"{""skip"": 21, ""volatility_window"": 60, ""window"": 126}",4176,0.0049346476,0.2048052,0.8622987945681994,0.5263409961685823
volatility_scaled_momentum,vsmom_6m_1m_vol60,10,"{""skip"": 21, ""volatility_window"": 60, ""window"": 126}",4171,-0.0011389753,0.20023273,-0.14724944067649753,0.5063533924718293
volatility_scaled_momentum,vsmom_6m_1m_vol60,21,"{""skip"": 21, ""volatility_window"": 60, ""window"": 126}",4160,-0.0043732673,0.18785745,-0.43338361903508454,0.5067307692307692
volatility_scaled_momentum,vsmom_6m_1m_vol60,42,"{""skip"": 21, ""volatility_window"": 60, ""window"": 126}",4139,-0.004470799,0.17419778,-0.3607433065553103,0.5054360956752839
volatility_scaled_momentum,vsmom_6m_1m_vol60,63,"{""skip"": 21, ""volatility_window"": 60, ""window"": 126}",4118,-0.0022542754,0.16348879,-0.1648506767407518,0.5155415250121418
volatility_scaled_momentum,vsmom_6m_1m_vol60,126,"{""skip"": 21, ""volatility_window"": 60, ""window"": 126}",4055,0.016584098,0.15420675,0.947800187180026,0.5637484586929716
volatility_scaled_momentum,vsmom_6m_1m_vol60,252,"{""skip"": 21, ""volatility_window"": 60, ""window"": 126}",3929,0.008831576,0.1655108,0.3841894415769643,0.5507762789513871
volatility_scaled_momentum,vsmom_9m_1m_vol60,1,"{""skip"": 21, ""volatility_window"": 60, ""window"": 189}",4180,0.013361955,0.21909997,3.9433725553371546,0.5392344497607655
volatility_scaled_momentum,vsmom_9m_1m_vol60,5,"{""skip"": 21, ""volatility_window"": 60, ""window"": 189}",4176,0.0110145295,0.21417716,1.8384788854378675,0.5416666666666666
volatility_scaled_momentum,vsmom_9m_1m_vol60,10,"{""skip"": 21, ""volatility_window"": 60, ""window"": 189}",4171,0.007797223,0.21100923,0.9475536040117929,0.5394389834572045
volatility_scaled_momentum,vsmom_9m_1m_vol60,21,"{""skip"": 21, ""volatility_window"": 60, ""window"": 189}",4160,0.0062437085,0.2026255,0.5588594617654066,0.5514423076923077
volatility_scaled_momentum,vsmom_9m_1m_vol60,42,"{""skip"": 21, ""volatility_window"": 60, ""window"": 189}",4139,0.008734915,0.19116783,0.6130474292240489,0.5566561971490698
volatility_scaled_momentum,vsmom_9m_1m_vol60,63,"{""skip"": 21, ""volatility_window"": 60, ""window"": 189}",4118,0.011400167,0.18210846,0.6923204205998699,0.5701796988829528
volatility_scaled_momentum,vsmom_9m_1m_vol60,126,"{""skip"": 21, ""volatility_window"": 60, ""window"": 189}",4055,0.018712655,0.17802341,0.821552627681746,0.5642416769420469
volatility_scaled_momentum,vsmom_9m_1m_vol60,252,"{""skip"": 21, ""volatility_window"": 60, ""window"": 189}",3929,0.009829871,0.16961205,0.3541989448286674,0.5484856197505726
volatility_scaled_momentum,vsmom_12m_1m_vol60,1,"{""skip"": 21, ""volatility_window"": 60, ""window"": 252}",4180,0.0150575405,0.22526085,4.322235316280993,0.5392344497607655
volatility_scaled_momentum,vsmom_12m_1m_vol60,5,"{""skip"": 21, ""volatility_window"": 60, ""window"": 252}",4176,0.014168018,0.22156501,2.2749010317873175,0.5454980842911877
volatility_scaled_momentum,vsmom_12m_1m_vol60,10,"{""skip"": 21, ""volatility_window"": 60, ""window"": 252}",4171,0.011400891,0.21856758,1.337305000693692,0.5377607288420043
volatility_scaled_momentum,vsmom_12m_1m_vol60,21,"{""skip"": 21, ""volatility_window"": 60, ""window"": 252}",4160,0.0104859965,0.20797908,0.9013222153907777,0.551923076923077
volatility_scaled_momentum,vsmom_12m_1m_vol60,42,"{""skip"": 21, ""volatility_window"": 60, ""window"": 252}",4139,0.010147776,0.20224442,0.6414260505720712,0.538294273979222
volatility_scaled_momentum,vsmom_12m_1m_vol60,63,"{""skip"": 21, ""volatility_window"": 60, ""window"": 252}",4118,0.008234995,0.19632426,0.4384332381625737,0.5497814473045167
volatility_scaled_momentum,vsmom_12m_1m_vol60,126,"{""skip"": 21, ""volatility_window"": 60, ""window"": 252}",4055,0.013660813,0.18723081,0.5529022721572172,0.5526510480887793
volatility_scaled_momentum,vsmom_12m_1m_vol60,252,"{""skip"": 21, ""volatility_window"": 60, ""window"": 252}",3929,0.009692975,0.17319694,0.3200581997714458,0.5754644947823874
high_proximity,high_6m,1,"{""window"": 126}",4180,0.0040365253,0.22720149,1.148779342373307,0.5263157894736842
high_proximity,high_6m,5,"{""window"": 126}",4176,-0.0012261746,0.22217396,-0.19895866301404494,0.5083812260536399
high_proximity,high_6m,10,"{""window"": 126}",4171,-0.003317088,0.21666412,-0.3955860687344734,0.5080316470870295
high_proximity,high_6m,21,"{""window"": 126}",4160,-0.004328767,0.21007474,-0.38233226874743476,0.5182692307692308
high_proximity,high_6m,42,"{""window"": 126}",4139,-0.00674929,0.19629653,-0.47132032402899193,0.5095433679632762
high_proximity,high_6m,63,"{""window"": 126}",4118,-0.0058049895,0.189224,-0.35571121658144306,0.5060709082078679
high_proximity,high_6m,126,"{""window"": 126}",4055,0.004134654,0.17746072,0.2087506334553254,0.531442663378545
high_proximity,high_6m,252,"{""window"": 126}",3929,0.007838955,0.18356201,0.29008675882768253,0.5586663273097481
high_proximity,high_12m,1,"{""window"": 252}",4180,0.0064949794,0.236565,1.7752821452784193,0.5289473684210526
high_proximity,high_12m,5,"{""window"": 252}",4176,0.0009275633,0.23382658,0.1418410193888921,0.5093390804597702
high_proximity,high_12m,10,"{""window"": 252}",4171,-0.0014613777,0.23023161,-0.16183581750315212,0.5130664109326301
high_proximity,high_12m,21,"{""window"": 252}",4160,-0.0024086894,0.22541562,-0.1937760737668262,0.5168269230769231
high_proximity,high_12m,42,"{""window"": 252}",4139,-0.0049964497,0.21410541,-0.3084444558910987,0.5056776999275188
high_proximity,high_12m,63,"{""window"": 252}",4118,-0.0029214509,0.20690231,-0.1554382203558178,0.5070422535211268
high_proximity,high_12m,126,"{""window"": 252}",4055,0.0076529253,0.19436212,0.3218460165256797,0.5321824907521578
high_proximity,high_12m,252,"{""window"": 252}",3929,0.0105534075,0.19158049,0.34673341583948597,0.5614660218885212
high_proximity,high_18m,1,"{""window"": 378}",4180,0.007452128,0.23816013,2.023258222973461,0.5279904306220096
high_proximity,high_18m,5,"{""window"": 378}",4176,0.0027226629,0.23599789,0.41185648074577724,0.5146072796934866
high_proximity,high_18m,10,"{""window"": 378}",4171,0.0004648102,0.23278818,0.05069664531008437,0.517621673459602
high_proximity,high_18m,21,"{""window"": 378}",4160,-0.0008187451,0.22877988,-0.06450355934477389,0.5209134615384615
high_proximity,high_18m,42,"{""window"": 378}",4139,-0.0043668444,0.21855345,-0.2612464363767331,0.5039864701618748
high_proximity,high_18m,63,"{""window"": 378}",4118,-0.0022993428,0.2113606,-0.11850650853380482,0.509470616804274
high_proximity,high_18m,126,"{""window"": 378}",4055,0.009807237,0.19806619,0.3978002547256734,0.5388409371146733
high_proximity,high_18m,252,"{""window"": 378}",3929,0.011358757,0.19487594,0.35596695062289196,0.5558666327309748
trend_slope,slope_50d,1,"{""window"": 50}",4180,0.00059760694,0.19747758,0.19567612229353323,0.5157894736842106
trend_slope,slope_50d,5,"{""window"": 50}",4176,-0.005223022,0.1874363,-1.0197923392154107,0.5014367816091954
trend_slope,slope_50d,10,"{""window"": 50}",4171,-0.008794407,0.17704321,-1.3033719082251558,0.48885159434188447
trend_slope,slope_50d,21,"{""window"": 50}",4160,-0.011697631,0.17116806,-1.279905700197773,0.4829326923076923
trend_slope,slope_50d,42,"{""window"": 50}",4139,-0.009828797,0.17053686,-0.8107748848250641,0.4853829427397922
trend_slope,slope_50d,63,"{""window"": 50}",4118,-0.0098748,0.16875006,-0.7581325761287121,0.4881010199125789
trend_slope,slope_50d,126,"{""window"": 50}",4055,0.0005936967,0.1588995,0.04791088680052098,0.5304562268803946
trend_slope,slope_50d,252,"{""window"": 50}",3929,0.008452255,0.16366254,0.6608563876033888,0.5492491728175108
trend_slope,slope_100d,1,"{""window"": 100}",4180,0.005456152,0.21625863,1.6313724136869936,0.5299043062200957
trend_slope,slope_100d,5,"{""window"": 100}",4176,-0.0006504586,0.20873138,-0.11258642772923082,0.507183908045977
trend_slope,slope_100d,10,"{""window"": 100}",4171,-0.006093255,0.20252092,-0.7767401455934102,0.49124910093502755
trend_slope,slope_100d,21,"{""window"": 100}",4160,-0.012492895,0.19567722,-1.176336364424229,0.4855769230769231
trend_slope,slope_100d,42,"{""window"": 100}",4139,-0.015393836,0.18151774,-1.1631180223184914,0.4791012321816864
trend_slope,slope_100d,63,"{""window"": 100}",4118,-0.011514609,0.16887785,-0.8110974186096932,0.4985429820301117
trend_slope,slope_100d,126,"{""window"": 100}",4055,0.0043727173,0.15254898,0.2863122038708759,0.5361282367447595
trend_slope,slope_100d,252,"{""window"": 100}",3929,0.0035161327,0.16531168,0.19413332100456804,0.553321455841181
trend_slope,slope_200d,1,"{""window"": 200}",4180,0.010854989,0.22975649,3.054932967117189,0.5301435406698565
trend_slope,slope_200d,5,"{""window"": 200}",4176,0.007648808,0.22347537,1.2331328506171353,0.5328065134099617
trend_slope,slope_200d,10,"{""window"": 200}",4171,0.0036845312,0.21563908,0.44325926763744233,0.5310477103812036
trend_slope,slope_200d,21,"{""window"": 200}",4160,0.0021589762,0.2022194,0.19628246621465725,0.5540865384615384
trend_slope,slope_200d,42,"{""window"": 200}",4139,0.005159868,0.18827654,0.3720291543195391,0.5542401546267214
trend_slope,slope_200d,63,"{""window"": 200}",4118,0.008942341,0.17861345,0.5582250976878547,0.5636231180184555
trend_slope,slope_200d,126,"{""window"": 200}",4055,0.017892396,0.17791876,0.77449741269661,0.567940813810111
trend_slope,slope_200d,252,"{""window"": 200}",3929,0.0064290464,0.17728958,0.22848259294664247,0.5171799440061084
trend_slope,slope_250d,1,"{""window"": 250}",4180,0.012930782,0.23393162,3.574176276013591,0.5308612440191387
trend_slope,slope_250d,5,"{""window"": 250}",4176,0.012361496,0.22708367,1.9569162706177798,0.5378352490421456
trend_slope,slope_250d,10,"{""window"": 250}",4171,0.009666483,0.21980956,1.1383929471802245,0.5363222248861185
trend_slope,slope_250d,21,"{""window"": 250}",4160,0.00909675,0.20656422,0.7992591696870092,0.5528846153846154
trend_slope,slope_250d,42,"{""window"": 250}",4139,0.010781864,0.1972196,0.7107033624889775,0.5341870016912298
trend_slope,slope_250d,63,"{""window"": 250}",4118,0.010597143,0.19098194,0.5825299463883314,0.5352112676056338
trend_slope,slope_250d,126,"{""window"": 250}",4055,0.013131068,0.18558244,0.5211940885356968,0.5344019728729963
trend_slope,slope_250d,252,"{""window"": 250}",3929,0.0037452152,0.17487548,0.12479251259408956,0.5207431916518198
risk_adjusted_trend,risk_trend_50d,1,"{""window"": 50}",4180,0.0017518342,0.19122972,0.5923490525969453,0.522488038277512
risk_adjusted_trend,risk_trend_50d,5,"{""window"": 50}",4176,-0.004203376,0.18354517,-0.8306142673333516,0.5002394636015326
risk_adjusted_trend,risk_trend_50d,10,"{""window"": 50}",4171,-0.00782024,0.17583983,-1.1489091159487885,0.493886358187485
risk_adjusted_trend,risk_trend_50d,21,"{""window"": 50}",4160,-0.010962982,0.1716386,-1.1811935689031778,0.4872596153846154
risk_adjusted_trend,risk_trend_50d,42,"{""window"": 50}",4139,-0.010515384,0.16805726,-0.8669246292988602,0.4829669002174438
risk_adjusted_trend,risk_trend_50d,63,"{""window"": 50}",4118,-0.011615948,0.16456206,-0.8920768787453276,0.46041767848470133
risk_adjusted_trend,risk_trend_50d,126,"{""window"": 50}",4055,-0.0011434068,0.15601996,-0.08755360711166184,0.5144266337854501
risk_adjusted_trend,risk_trend_50d,252,"{""window"": 50}",3929,0.0076700994,0.15844397,0.5101679170130677,0.546703995927717
risk_adjusted_trend,risk_trend_100d,1,"{""window"": 100}",4180,0.006714005,0.2103953,2.0634108556842445,0.5318181818181819
risk_adjusted_trend,risk_trend_100d,5,"{""window"": 100}",4176,0.0003719917,0.20519184,0.06497165458990148,0.5100574712643678
risk_adjusted_trend,risk_trend_100d,10,"{""window"": 100}",4171,-0.0047810557,0.20097211,-0.6099250474345432,0.49268760489091346
risk_adjusted_trend,risk_trend_100d,21,"{""window"": 100}",4160,-0.011267799,0.19379364,-1.0676875626083522,0.4831730769230769
risk_adjusted_trend,risk_trend_100d,42,"{""window"": 100}",4139,-0.015112553,0.18034144,-1.1366965581753647,0.47378593863251994
risk_adjusted_trend,risk_trend_100d,63,"{""window"": 100}",4118,-0.011626999,0.16925782,-0.808067609463328,0.48251578436134046
risk_adjusted_trend,risk_trend_100d,126,"{""window"": 100}",4055,0.005841551,0.15235256,0.37084727359312464,0.5242909987669544
risk_adjusted_trend,risk_trend_100d,252,"{""window"": 100}",3929,0.0054238164,0.16286916,0.265807384701021,0.5362687706795622
risk_adjusted_trend,risk_trend_200d,1,"{""window"": 200}",4180,0.012137361,0.22407718,3.502407825170971,0.5342105263157895
risk_adjusted_trend,risk_trend_200d,5,"{""window"": 200}",4176,0.008508181,0.21965107,1.3842343556467223,0.5440613026819924
risk_adjusted_trend,risk_trend_200d,10,"{""window"": 200}",4171,0.004813405,0.21511765,0.5731623892560228,0.5296092064253177
risk_adjusted_trend,risk_trend_200d,21,"{""window"": 200}",4160,0.0028667408,0.20502208,0.25356256738346794,0.5435096153846154
risk_adjusted_trend,risk_trend_200d,42,"{""window"": 200}",4139,0.004380927,0.19236822,0.3025604649846463,0.5588306354191834
risk_adjusted_trend,risk_trend_200d,63,"{""window"": 200}",4118,0.008334872,0.18278348,0.49919074319582407,0.5577950461389024
risk_adjusted_trend,risk_trend_200d,126,"{""window"": 200}",4055,0.020117082,0.1775119,0.8732524002528201,0.5797780517879162
risk_adjusted_trend,risk_trend_200d,252,"{""window"": 200}",3929,0.009033513,0.1761501,0.3090408924316318,0.5408500890811911
risk_adjusted_trend,risk_trend_250d,1,"{""window"": 250}",4180,0.013713854,0.22691509,3.9078352885858374,0.5394736842105263
risk_adjusted_trend,risk_trend_250d,5,"{""window"": 250}",4176,0.011901795,0.22284819,1.9013342136536682,0.5387931034482759
risk_adjusted_trend,risk_trend_250d,10,"{""window"": 250}",4171,0.00905966,0.21953894,1.054536090600756,0.5317669623591464
risk_adjusted_trend,risk_trend_250d,21,"{""window"": 250}",4160,0.008374669,0.20962329,0.7164429784609893,0.5540865384615384
risk_adjusted_trend,risk_trend_250d,42,"{""window"": 250}",4139,0.01028125,0.20161898,0.653903835460193,0.5626963034549408
risk_adjusted_trend,risk_trend_250d,63,"{""window"": 250}",4118,0.011685188,0.195668,0.6218033956336044,0.5621661000485673
risk_adjusted_trend,risk_trend_250d,126,"{""window"": 250}",4055,0.016938973,0.18926549,0.6619833372535522,0.5644882860665844
risk_adjusted_trend,risk_trend_250d,252,"{""window"": 250}",3929,0.00877678,0.17835589,0.276659801830679,0.5400865360142529
liquidity_change,liq_5d_60d,1,"{""long_window"": 60, ""short_window"": 5}",4180,-0.0016782042,0.08821838,-1.2300584774000807,0.4875598086124402
liquidity_change,liq_5d_60d,5,"{""long_window"": 60, ""short_window"": 5}",4176,-0.004856425,0.0866152,-2.105307957054374,0.47844827586206895
liquidity_change,liq_5d_60d,10,"{""long_window"": 60, ""short_window"": 5}",4171,-0.005807417,0.08485647,-1.9421058205332287,0.47230879884919685
liquidity_change,liq_5d_60d,21,"{""long_window"": 60, ""short_window"": 5}",4160,-0.0068701073,0.083811715,-1.8521149501249166,0.47307692307692306
liquidity_change,liq_5d_60d,42,"{""long_window"": 60, ""short_window"": 5}",4139,-0.008208062,0.07857252,-2.0176655587863963,0.45735684948055083
liquidity_change,liq_5d_60d,63,"{""long_window"": 60, ""short_window"": 5}",4118,-0.0073512644,0.07703363,-1.7700848272379937,0.45483244293346287
liquidity_change,liq_5d_60d,126,"{""long_window"": 60, ""short_window"": 5}",4055,-0.0026292845,0.076218255,-0.7282075726183834,0.4808877928483354
liquidity_change,liq_5d_60d,252,"{""long_window"": 60, ""short_window"": 5}",3929,0.0004374376,0.07456165,0.1301651458803384,0.509544413336727
liquidity_change,liq_20d_126d,1,"{""long_window"": 126, ""short_window"": 20}",4180,-0.0025149218,0.0979561,-1.6600956416101793,0.49521531100478466
liquidity_change,liq_20d_126d,5,"{""long_window"": 126, ""short_window"": 20}",4176,-0.006452819,0.097093605,-2.3960076473849083,0.47988505747126436
liquidity_change,liq_20d_126d,10,"{""long_window"": 126, ""short_window"": 20}",4171,-0.009127141,0.094939046,-2.508007426566922,0.47206904818988255
liquidity_change,liq_20d_126d,21,"{""long_window"": 126, ""short_window"": 20}",4160,-0.009324024,0.09261706,-1.8995944216913936,0.4798076923076923
liquidity_change,liq_20d_126d,42,"{""long_window"": 126, ""short_window"": 20}",4139,-0.010014328,0.08783659,-1.678620458596316,0.45252476443585404
liquidity_change,liq_20d_126d,63,"{""long_window"": 126, ""short_window"": 20}",4118,-0.010037257,0.082038045,-1.6841168186845907,0.46843127731908696
liquidity_change,liq_20d_126d,126,"{""long_window"": 126, ""short_window"": 20}",4055,-0.0015407929,0.07702422,-0.2705322969032603,0.5080147965474723
liquidity_change,liq_20d_126d,252,"{""long_window"": 126, ""short_window"": 20}",3929,0.0029490711,0.0743064,0.5433625233241143,0.5349961822346653
liquidity_change,liq_20d_252d,1,"{""long_window"": 252, ""short_window"": 20}",4180,0.00016449274,0.11104851,0.09577961428980653,0.5059808612440191
liquidity_change,liq_20d_252d,5,"{""long_window"": 252, ""short_window"": 20}",4176,-0.0027937738,0.10999651,-0.9131965399953103,0.5038314176245211
liquidity_change,liq_20d_252d,10,"{""long_window"": 252, ""short_window"": 20}",4171,-0.0047692545,0.107226126,-1.1577757613529163,0.4955646128026852
liquidity_change,liq_20d_252d,21,"{""long_window"": 252, ""short_window"": 20}",4160,-0.004678081,0.10293517,-0.8451149132503999,0.5129807692307692
liquidity_change,liq_20d_252d,42,"{""long_window"": 252, ""short_window"": 20}",4139,-0.004889362,0.09519708,-0.7396687785212153,0.48804058951437546
liquidity_change,liq_20d_252d,63,"{""long_window"": 252, ""short_window"": 20}",4118,-0.0034725107,0.086649485,-0.5205835477608474,0.4900437105390966
liquidity_change,liq_20d_252d,126,"{""long_window"": 252, ""short_window"": 20}",4055,0.004765089,0.08461513,0.5674629179389695,0.5200986436498151
liquidity_change,liq_20d_252d,252,"{""long_window"": 252, ""short_window"": 20}",3929,0.008006663,0.08182348,0.7992082453012659,0.568592517179944
price_volume_confirmation,pvc_6m_1m_liq5_60,1,"{""confirmation_strength"": 0.25, ""liquidity_clip"": 2, ""long_window"": 60, ""short_window"": 5, ""skip"": 21, ""window"": 126}",4180,0.009075334,0.21869428,2.6832756585950053,0.5320574162679426
price_volume_confirmation,pvc_6m_1m_liq5_60,5,"{""confirmation_strength"": 0.25, ""liquidity_clip"": 2, ""long_window"": 60, ""short_window"": 5, ""skip"": 21, ""window"": 126}",4176,0.0037938205,0.21126199,0.6480276673514102,0.5179597701149425
price_volume_confirmation,pvc_6m_1m_liq5_60,10,"{""confirmation_strength"": 0.25, ""liquidity_clip"": 2, ""long_window"": 60, ""short_window"": 5, ""skip"": 21, ""window"": 126}",4171,-0.0034872887,0.20437396,-0.44705657435120266,0.5080316470870295
price_volume_confirmation,pvc_6m_1m_liq5_60,21,"{""confirmation_strength"": 0.25, ""liquidity_clip"": 2, ""long_window"": 60, ""short_window"": 5, ""skip"": 21, ""window"": 126}",4160,-0.007035735,0.18904132,-0.699733306640363,0.5081730769230769
price_volume_confirmation,pvc_6m_1m_liq5_60,42,"{""confirmation_strength"": 0.25, ""liquidity_clip"": 2, ""long_window"": 60, ""short_window"": 5, ""skip"": 21, ""window"": 126}",4139,-0.005793392,0.1738503,-0.4794161604189156,0.5143754530079729
price_volume_confirmation,pvc_6m_1m_liq5_60,63,"{""confirmation_strength"": 0.25, ""liquidity_clip"": 2, ""long_window"": 60, ""short_window"": 5, ""skip"": 21, ""window"": 126}",4118,-0.0033003476,0.1630185,-0.2522774026721312,0.5271976687712482
price_volume_confirmation,pvc_6m_1m_liq5_60,126,"{""confirmation_strength"": 0.25, ""liquidity_clip"": 2, ""long_window"": 60, ""short_window"": 5, ""skip"": 21, ""window"": 126}",4055,0.015365498,0.1582606,0.8676283269474716,0.5741060419235512
price_volume_confirmation,pvc_6m_1m_liq5_60,252,"{""confirmation_strength"": 0.25, ""liquidity_clip"": 2, ""long_window"": 60, ""short_window"": 5, ""skip"": 21, ""window"": 126}",3929,0.0060427273,0.17287217,0.2703445871714929,0.5377958768134385
price_volume_confirmation,pvc_9m_1m_liq20_126,1,"{""confirmation_strength"": 0.25, ""liquidity_clip"": 2, ""long_window"": 126, ""short_window"": 20, ""skip"": 21, ""window"": 189}",4180,0.011544885,0.22767682,3.2787695142865125,0.5322966507177034
price_volume_confirmation,pvc_9m_1m_liq20_126,5,"{""confirmation_strength"": 0.25, ""liquidity_clip"": 2, ""long_window"": 126, ""short_window"": 20, ""skip"": 21, ""window"": 189}",4176,0.008963214,0.22087514,1.46441324907254,0.5368773946360154
price_volume_confirmation,pvc_9m_1m_liq20_126,10,"{""confirmation_strength"": 0.25, ""liquidity_clip"": 2, ""long_window"": 126, ""short_window"": 20, ""skip"": 21, ""window"": 189}",4171,0.0053465944,0.2145287,0.6472781386286022,0.5322464636777751
price_volume_confirmation,pvc_9m_1m_liq20_126,21,"{""confirmation_strength"": 0.25, ""liquidity_clip"": 2, ""long_window"": 126, ""short_window"": 20, ""skip"": 21, ""window"": 189}",4160,0.0036170208,0.20240104,0.3284128826716297,0.5487980769230769
price_volume_confirmation,pvc_9m_1m_liq20_126,42,"{""confirmation_strength"": 0.25, ""liquidity_clip"": 2, ""long_window"": 126, ""short_window"": 20, ""skip"": 21, ""window"": 189}",4139,0.008100514,0.1896852,0.5843680933554328,0.5440927760328582
price_volume_confirmation,pvc_9m_1m_liq20_126,63,"{""confirmation_strength"": 0.25, ""liquidity_clip"": 2, ""long_window"": 126, ""short_window"": 20, ""skip"": 21, ""window"": 189}",4118,0.011177776,0.180119,0.6989095547048968,0.5597377367654202
price_volume_confirmation,pvc_9m_1m_liq20_126,126,"{""confirmation_strength"": 0.25, ""liquidity_clip"": 2, ""long_window"": 126, ""short_window"": 20, ""skip"": 21, ""window"": 189}",4055,0.016122568,0.17895827,0.7019729059463392,0.5578298397040691
price_volume_confirmation,pvc_9m_1m_liq20_126,252,"{""confirmation_strength"": 0.25, ""liquidity_clip"": 2, ""long_window"": 126, ""short_window"": 20, ""skip"": 21, ""window"": 189}",3929,0.0064944103,0.17213665,0.2384538623997664,0.52481547467549
price_volume_confirmation,pvc_12m_1m_liq20_252,1,"{""confirmation_strength"": 0.25, ""liquidity_clip"": 2, ""long_window"": 252, ""short_window"": 20, ""skip"": 21, ""window"": 252}",4180,0.013851108,0.23417272,3.824620117394588,0.5409090909090909
price_volume_confirmation,pvc_12m_1m_liq20_252,5,"{""confirmation_strength"": 0.25, ""liquidity_clip"": 2, ""long_window"": 252, ""short_window"": 20, ""skip"": 21, ""window"": 252}",4176,0.013266185,0.22818492,2.0894842232750634,0.5397509578544061
price_volume_confirmation,pvc_12m_1m_liq20_252,10,"{""confirmation_strength"": 0.25, ""liquidity_clip"": 2, ""long_window"": 252, ""short_window"": 20, ""skip"": 21, ""window"": 252}",4171,0.00957513,0.2214683,1.1240177580414068,0.5324862143370894
price_volume_confirmation,pvc_12m_1m_liq20_252,21,"{""confirmation_strength"": 0.25, ""liquidity_clip"": 2, ""long_window"": 252, ""short_window"": 20, ""skip"": 21, ""window"": 252}",4160,0.006902517,0.20654288,0.6077620680556709,0.5365384615384615
price_volume_confirmation,pvc_12m_1m_liq20_252,42,"{""confirmation_strength"": 0.25, ""liquidity_clip"": 2, ""long_window"": 252, ""short_window"": 20, ""skip"": 21, ""window"": 252}",4139,0.005869276,0.19827664,0.38589315430291254,0.5225899975839575
price_volume_confirmation,pvc_12m_1m_liq20_252,63,"{""confirmation_strength"": 0.25, ""liquidity_clip"": 2, ""long_window"": 252, ""short_window"": 20, ""skip"": 21, ""window"": 252}",4118,0.003549812,0.19164455,0.19701791526136128,0.5240407965031568
price_volume_confirmation,pvc_12m_1m_liq20_252,126,"{""confirmation_strength"": 0.25, ""liquidity_clip"": 2, ""long_window"": 252, ""short_window"": 20, ""skip"": 21, ""window"": 252}",4055,0.009306848,0.18475465,0.38324541497409914,0.5368680641183724
price_volume_confirmation,pvc_12m_1m_liq20_252,252,"{""confirmation_strength"": 0.25, ""liquidity_clip"": 2, ""long_window"": 252, ""short_window"": 20, ""skip"": 21, ""window"": 252}",3929,0.0025760652,0.17281663,0.08791409989412516,0.5436497836599644
